﻿pos_x,pos_y,rotation,side,designator,mpn,pack,value,mount_type,place
160.306,-115.57,0.0,top,C1,,CP_Radial_D5.0mm_P2.00mm,2.2u,tht,True
166.624,-108.077,180.0,top,C2,,CP_Radial_D5.0mm_P2.00mm,22u,tht,True
151.13,-110.45,90.0,top,C3,,C_Rect_L7.2mm_W2.5mm_P5.00mm_FKS2_FKP2_MKS2_MKP2,10n,tht,True
166.37,-114.493112,90.0,top,C4,,CP_Radial_D5.0mm_P2.00mm,47u,tht,True
157.485,-99.06,180.0,top,D1,,LED_D3.0mm,LED,tht,True
167.513,-101.6,0.0,top,H1,,MountingHole_4mm,MountingHole,tht,True
144.272,-101.981,0.0,top,H2,,MountingHole_4mm,MountingHole,tht,True
154.305,-116.205,0.0,top,H3,,MountingHole_4mm,MountingHole,tht,True
170.942,-109.215,0.0,top,J1,,PinHeader_1x02_P2.54mm_Vertical,PWR,tht,True
140.97,-116.84,180.0,top,J2,,PinHeader_1x01_P2.54mm_Vertical,OUT,tht,True
170.942,-116.84,180.0,top,J3,,PinHeader_1x01_P2.54mm_Vertical,IN,tht,True
170.942,-105.41,0.0,top,J4,,PinHeader_1x01_P2.54mm_Vertical,LED-,tht,True
144.145,-111.887,180.0,bottom,N1,,Barbarach_Smaller,Housing,tht,True
155.065,-104.775,-90.0,top,Q1,,TO-92_Inline_Wide,BC549,tht,True
160.02,-104.775,-90.0,top,Q2,,TO-92_Inline_Wide,BC549,tht,True
140.335,-110.913332,0.0,top,R1,,R_Axial_DIN0207_L6.3mm_D2.5mm_P7.62mm_Horizontal,330,tht,True
140.335,-105.41,0.0,top,R2,,R_Axial_DIN0207_L6.3mm_D2.5mm_P7.62mm_Horizontal,33K,tht,True
140.335,-113.664998,0.0,top,R3,,R_Axial_DIN0207_L6.3mm_D2.5mm_P7.62mm_Horizontal,100K,tht,True
140.335,-108.161666,0.0,top,R4,,R_Axial_DIN0207_L6.3mm_D2.5mm_P7.62mm_Horizontal,8.2K,tht,True
154.94,-101.473,0.0,top,R5,,R_Axial_DIN0207_L6.3mm_D2.5mm_P7.62mm_Horizontal,10K,tht,True
159.799,-97.155,0.0,bottom,RV1,,PDB181K420K102B,B1K,tht,True
142.32,-97.155,0.0,bottom,RV2,,PDB181K420K102B,A500K,tht,True
