﻿designator,quantity,value,pack,mpn,mount_type
C1,1,2.2u,CP_Radial_D5.0mm_P2.00mm,,tht
C2,1,22u,CP_Radial_D5.0mm_P2.00mm,,tht
C3,1,10n,C_Rect_L7.2mm_W2.5mm_P5.00mm_FKS2_FKP2_MKS2_MKP2,,tht
C4,1,47u,CP_Radial_D5.0mm_P2.00mm,,tht
D1,1,LED,LED_D3.0mm,,tht
"H1, H2, H3",3,MountingHole,MountingHole_4mm,,tht
J1,1,PWR,PinHeader_1x02_P2.54mm_Vertical,,tht
J2,1,OUT,PinHeader_1x01_P2.54mm_Vertical,,tht
J3,1,IN,PinHeader_1x01_P2.54mm_Vertical,,tht
J4,1,LED-,PinHeader_1x01_P2.54mm_Vertical,,tht
N1,1,Housing,Barbarach_Smaller,,tht
"Q1, Q2",2,BC549,TO-92_Inline_Wide,,tht
R1,1,330,R_Axial_DIN0207_L6.3mm_D2.5mm_P7.62mm_Horizontal,,tht
R2,1,33K,R_Axial_DIN0207_L6.3mm_D2.5mm_P7.62mm_Horizontal,,tht
R3,1,100K,R_Axial_DIN0207_L6.3mm_D2.5mm_P7.62mm_Horizontal,,tht
R4,1,8.2K,R_Axial_DIN0207_L6.3mm_D2.5mm_P7.62mm_Horizontal,,tht
R5,1,10K,R_Axial_DIN0207_L6.3mm_D2.5mm_P7.62mm_Horizontal,,tht
RV1,1,B1K,PDB181K420K102B,,tht
RV2,1,A500K,PDB181K420K102B,,tht
